<?xml version="1.0" encoding="UTF-8"?>
<project-private xmlns="http://www.netbeans.org/ns/project-private/1">
    <editor-bookmarks xmlns="http://www.netbeans.org/ns/editor-bookmarks/2" lastBookmarkId="0"/>
    <open-files xmlns="http://www.netbeans.org/ns/projectui-open-files/2">
        <group>
            <file>file:/D:/SAGAR%20TYIT%20PROJECT/Attendance/web/news.jsp</file>
            <file>file:/D:/SAGAR%20TYIT%20PROJECT/Attendance/web/aboutus.jsp</file>
            <file>file:/D:/SAGAR%20TYIT%20PROJECT/Attendance/web/index.jsp</file>
            <file>file:/D:/SAGAR%20TYIT%20PROJECT/Attendance/web/contact.jsp</file>
        </group>
    </open-files>
</project-private>
